{
  "amitsegal_61278.jpg": 1779292023.306583,
  "Faytuks_Network_2850.jpg": 1779292023.306583,
  "VahidOnline_75563.jpg": 1779292023.306583,
  "eRadarrua_92760.jpg": 1779292136.528439,
  "kpszsu_62328.jpg": 1779292136.528439,
  "amitsegal_61286.jpg": 1779299121.047559,
  "VahidOnline_75567.jpg": 1779299121.047559,
  "idf_telegram_23758.jpg": 1779299121.047559,
  "eRadarrua_92761.jpg": 1779299222.661815,
  "eRadarrua_92762.jpg": 1779299222.661815,
  "eRadarrua_92765.jpg": 1779299222.661815,
  "eRadarrua_92776.jpg": 1779299222.661815,
  "amitsegal_61292.jpg": 1779301602.635979,
  "eRadarrua_92777.jpg": 1779301763.282256,
  "amitsegal_61294.jpg": 1779309562.523204,
  "VahidOnline_75568.jpg": 1779309562.523204,
  "VahidOnline_75569.jpg": 1779309562.523204,
  "VahidOnline_75570.jpg": 1779309562.523204,
  "VahidOnline_75571.jpg": 1779309562.523204,
  "eRadarrua_92778.jpg": 1779309744.812895,
  "eRadarrua_92779.jpg": 1779309744.812895,
  "eRadarrua_92781.jpg": 1779309744.812895,
  "eRadarrua_92782.jpg": 1779309744.812895,
  "eRadarrua_92784.jpg": 1779311487.146034,
  "eRadarrua_92800.jpg": 1779318102.317752,
  "eRadarrua_92801.jpg": 1779318102.317752,
  "eRadarrua_92802.jpg": 1779318102.317752,
  "eRadarrua_92803.jpg": 1779318102.317752,
  "VahidOnline_75572.jpg": 1779327376.933246,
  "VahidOnline_75574.jpg": 1779327376.933246,
  "VahidOnline_75579.jpg": 1779345564.910264,
  "eRadarrua_92819.jpg": 1779345722.377977,
  "kpszsu_62362.jpg": 1779345722.377977,
  "idf_telegram_23762.jpg": 1779352926.184097,
  "idf_telegram_23765.jpg": 1779360963.23186,
  "eRadarrua_92839.jpg": 1779361111.935062,
  "idf_telegram_23767.jpg": 1779366263.701775,
  "VahidOnline_75580.jpg": 1779373591.183947,
  "idf_telegram_23769.jpg": 1779373591.183947
}