{
  "eRadarrua_92990.jpg": 1779480270.903097,
  "eRadarrua_92993.jpg": 1779480270.903097,
  "eRadarrua_92994.jpg": 1779480270.903097,
  "eRadarrua_92995.jpg": 1779480270.903097,
  "eRadarrua_93004.jpg": 1779483679.114879,
  "eRadarrua_93005.jpg": 1779483679.114879,
  "eRadarrua_93008.jpg": 1779485093.501092,
  "eRadarrua_93010.jpg": 1779485093.501092,
  "Faytuks_Network_2900.jpg": 1779489552.616393,
  "eRadarrua_93011.jpg": 1779491646.664523,
  "VahidOnline_75621.jpg": 1779499655.725812,
  "eRadarrua_93012.jpg": 1779499789.299445,
  "VahidOnline_75624.jpg": 1779518513.986716,
  "idf_telegram_23799.jpg": 1779518513.986716,
  "eRadarrua_93090.jpg": 1779518684.916185,
  "eRadarrua_93098.jpg": 1779518684.916185,
  "eRadarrua_93103.jpg": 1779518684.916185,
  "kpszsu_62474.jpg": 1779518684.916185,
  "eRadarrua_93109.jpg": 1779523302.728981,
  "eRadarrua_93110.jpg": 1779523302.728981,
  "eRadarrua_93114.jpg": 1779523302.728981,
  "eRadarrua_93115.jpg": 1779527623.584916,
  "eRadarrua_93117.jpg": 1779531526.694587,
  "eRadarrua_93118.jpg": 1779536940.100535,
  "Faytuks_Network_2918.jpg": 1779544395.514147,
  "eRadarrua_93120.jpg": 1779544583.488485,
  "VahidOnline_75629.jpg": 1779545629.742065,
  "VahidOnline_75630.jpg": 1779545629.742065,
  "VahidOnline_75631.jpg": 1779545629.742065,
  "VahidOnline_75632.jpg": 1779545629.742065,
  "VahidOnline_75633.jpg": 1779545629.742065,
  "eRadarrua_93126.jpg": 1779545837.090199,
  "VahidOnline_75634.jpg": 1779549025.476155,
  "VahidOnline_75635.jpg": 1779549025.476155,
  "eRadarrua_93130.jpg": 1779549231.897649,
  "Faytuks_Network_2933.jpg": 1779551314.758498,
  "VahidOnline_75645.jpg": 1779551314.758498,
  "VahidOnline_75646.jpg": 1779551314.758498,
  "VahidOnline_75648.jpg": 1779551314.758498,
  "VahidOnline_75649.jpg": 1779551314.758498,
  "eRadarrua_93134.jpg": 1779551519.515313,
  "eRadarrua_93137.jpg": 1779551519.515313,
  "Faytuks_Network_2935.jpg": 1779556355.626268,
  "amitsegal_61306.jpg": 1779557925.917974,
  "eRadarrua_93156.jpg": 1779558105.359196,
  "amitsegal_61309.jpg": 1779564207.217828,
  "Faytuks_Network_2943.jpg": 1779564207.217828,
  "eRadarrua_93181.jpg": 1779564351.201694,
  "eRadarrua_93184.jpg": 1779564351.201694,
  "eRadarrua_93179.jpg": 1779564351.201694,
  "eRadarrua_93204.jpg": 1779565925.297725
}