{
  "eRadarrua_92563.jpg": 1779181443.993729,
  "amitsegal_61209.jpg": 1779187928.676048,
  "idf_telegram_23739.jpg": 1779187928.676048,
  "eRadarrua_92572.jpg": 1779188065.673838,
  "eRadarrua_92580.jpg": 1779193343.176019,
  "eRadarrua_92582.jpg": 1779193343.176019,
  "eRadarrua_92588.jpg": 1779193343.176019,
  "Faytuks_Network_2809.jpg": 1779200188.151145,
  "VahidOnline_75535.jpg": 1779200188.151145,
  "VahidOnline_75536.jpg": 1779200188.151145,
  "VahidOnline_75538.jpg": 1779200188.151145,
  "VahidOnline_75539.jpg": 1779200188.151145,
  "VahidOnline_75540.jpg": 1779200188.151145,
  "eRadarrua_92592.jpg": 1779200412.374995,
  "eRadarrua_92594.jpg": 1779200412.374995,
  "eRadarrua_92598.jpg": 1779200412.374995,
  "amitsegal_61220.jpg": 1779208230.51187,
  "amitsegal_61221.jpg": 1779208230.51187,
  "amitsegal_61223.jpg": 1779208230.51187,
  "amitsegal_61229.jpg": 1779208230.51187,
  "amitsegal_61230.jpg": 1779208230.51187,
  "Faytuks_Network_2812.jpg": 1779208230.51187,
  "Faytuks_Network_2813.jpg": 1779208230.51187,
  "VahidOnline_75541.jpg": 1779208230.51187,
  "VahidOnline_75543.jpg": 1779208230.51187,
  "VahidOnline_75544.jpg": 1779208230.51187,
  "VahidOnline_75545.jpg": 1779208230.51187,
  "idf_telegram_23743.jpg": 1779208230.51187,
  "eRadarrua_92607.jpg": 1779208390.053224,
  "eRadarrua_92608.jpg": 1779208390.053224,
  "eRadarrua_92624.jpg": 1779208390.053224,
  "VahidOnline_75546.jpg": 1779211818.641959,
  "VahidOnline_75547.jpg": 1779211818.641959,
  "eRadarrua_92639.jpg": 1779212046.755002,
  "Faytuks_Network_2826.jpg": 1779217759.84493,
  "VahidOnline_75548.jpg": 1779217759.84493,
  "VahidOnline_75549.jpg": 1779217759.84493,
  "VahidOnline_75550.jpg": 1779217759.84493,
  "eRadarrua_92644.jpg": 1779217928.787541,
  "eRadarrua_92645.jpg": 1779217928.787541,
  "eRadarrua_92647.jpg": 1779217928.787541,
  "eRadarrua_92650.jpg": 1779217928.787541,
  "amitsegal_61232.jpg": 1779219119.803092,
  "VahidOnline_75552.jpg": 1779224970.584076,
  "eRadarrua_92652.jpg": 1779225114.56649,
  "eRadarrua_92653.jpg": 1779225114.56649,
  "eRadarrua_92654.jpg": 1779225114.56649,
  "eRadarrua_92657.jpg": 1779225114.56649,
  "eRadarrua_92661.jpg": 1779225114.56649,
  "eRadarrua_92662.jpg": 1779226246.40333,
  "eRadarrua_92674.jpg": 1779231081.559044,
  "eRadarrua_92678.jpg": 1779231081.559044,
  "eRadarrua_92679.jpg": 1779231081.559044,
  "eRadarrua_92686.jpg": 1779231081.559044,
  "eRadarrua_92687.jpg": 1779231081.559044,
  "Faytuks_Network_2834.jpg": 1779250301.205674,
  "Faytuks_Network_2835.jpg": 1779250301.205674,
  "amitsegal_61235.jpg": 1779258998.414046,
  "eRadarrua_92688.jpg": 1779259197.661789,
  "kpszsu_62285.jpg": 1779259197.661789,
  "Faytuks_Network_2838.jpg": 1779266082.314067,
  "idf_telegram_23748.jpg": 1779266082.314067,
  "eRadarrua_92703.jpg": 1779266258.86379
}