{
  "VahidOnline_75589.jpg": 1779383935.063115,
  "idf_telegram_23776.jpg": 1779383935.063115,
  "eRadarrua_92879.jpg": 1779390568.132577,
  "eRadarrua_92885.jpg": 1779390568.132577,
  "eRadarrua_92888.jpg": 1779390568.132577,
  "eRadarrua_92897.jpg": 1779392109.57753,
  "Faytuks_Network_2874.jpg": 1779398301.69085,
  "VahidOnline_75590.jpg": 1779398301.69085,
  "VahidOnline_75591.jpg": 1779398301.69085,
  "eRadarrua_92907.jpg": 1779398497.087238,
  "eRadarrua_92872.jpg": 1779398497.087238,
  "eRadarrua_92874.jpg": 1779404153.014483,
  "VahidOnline_75592.jpg": 1779413621.402057,
  "VahidOnline_75594.jpg": 1779413621.402057,
  "VahidOnline_75595.jpg": 1779431777.952501,
  "eRadarrua_92935.jpg": 1779431926.657416,
  "eRadarrua_92938.jpg": 1779431926.657416,
  "kpszsu_62415.jpg": 1779431926.657416,
  "eRadarrua_92940.jpg": 1779438808.099456,
  "eRadarrua_92941.jpg": 1779438808.099456,
  "Faytuks_Network_2882.jpg": 1779458299.939291,
  "eRadarrua_92957.jpg": 1779458516.490278,
  "VahidOnline_75604.jpg": 1779461904.274214,
  "VahidOnline_75605.jpg": 1779461904.274214,
  "VahidOnline_75606.jpg": 1779461904.274214,
  "VahidOnline_75607.jpg": 1779461904.274214,
  "VahidOnline_75611.jpg": 1779461904.274214,
  "eRadarrua_92960.jpg": 1779462105.312055,
  "eRadarrua_92964.jpg": 1779462105.312055,
  "eRadarrua_92965.jpg": 1779462105.312055,
  "eRadarrua_92966.jpg": 1779462105.312055,
  "eRadarrua_92971.jpg": 1779468488.735287
}