{
  "manniefabian_58290.jpg": 1779108942.426092,
  "amitsegal_61174.jpg": 1779108942.426092,
  "amitsegal_61180.jpg": 1779108942.426092,
  "amitsegal_61182.jpg": 1779108942.426092,
  "amitsegal_61187.jpg": 1779108942.426092,
  "idf_telegram_23718.jpg": 1779108942.426092,
  "VahidOnline_75516.jpg": 1779115125.402171,
  "VahidOnline_75520.jpg": 1779115125.402171,
  "VahidOnline_75521.jpg": 1779115125.402171,
  "VahidOnline_75522.jpg": 1779115125.402171,
  "VahidOnline_75523.jpg": 1779115125.402171,
  "idf_telegram_23721.jpg": 1779115125.402171,
  "idf_telegram_23731.jpg": 1779115125.402171,
  "eRadarrua_92467.jpg": 1779115308.54325,
  "amitsegal_61197.jpg": 1779122608.13244,
  "VahidOnline_75524.jpg": 1779122608.13244,
  "idf_telegram_23732.jpg": 1779122608.13244,
  "eRadarrua_92472.jpg": 1779122773.964854,
  "eRadarrua_92473.jpg": 1779122773.964854,
  "eRadarrua_92475.jpg": 1779122773.964854,
  "eRadarrua_92476.jpg": 1779122773.964854,
  "VahidOnline_75526.jpg": 1779125806.499721,
  "VahidOnline_75527.jpg": 1779125806.499721,
  "amitsegal_61205.jpg": 1779131833.823177,
  "Faytuks_Network_2792.jpg": 1779131833.823177,
  "VahidOnline_75528.jpg": 1779131833.823177,
  "VahidOnline_75529.jpg": 1779131833.823177,
  "VahidOnline_75530.jpg": 1779131833.823177,
  "idf_telegram_23733.jpg": 1779131833.823177,
  "eRadarrua_92479.jpg": 1779132010.91909,
  "VahidOnline_75532.jpg": 1779134100.954515,
  "eRadarrua_92480.jpg": 1779134267.599785,
  "eRadarrua_92483.jpg": 1779134267.599785,
  "eRadarrua_92484.jpg": 1779134267.599785,
  "eRadarrua_92506.jpg": 1779138073.833139,
  "eRadarrua_92516.jpg": 1779138073.833139,
  "eRadarrua_92520.jpg": 1779138073.833139,
  "eRadarrua_92487.jpg": 1779143953.042542,
  "VahidOnline_75533.jpg": 1779171489.70189,
  "eRadarrua_92541.jpg": 1779171689.136778,
  "kpszsu_62230.jpg": 1779171689.136778,
  "eRadarrua_92563.jpg": 1779181443.993729,
  "amitsegal_61209.jpg": 1779187928.676048,
  "idf_telegram_23739.jpg": 1779187928.676048,
  "eRadarrua_92572.jpg": 1779188065.673838,
  "eRadarrua_92580.jpg": 1779193343.176019,
  "eRadarrua_92582.jpg": 1779193343.176019,
  "eRadarrua_92588.jpg": 1779193343.176019
}