{
  "VahidOnline_75513.jpg": 1779051875.122511,
  "eRadarrua_92323.jpg": 1779052074.273268,
  "eRadarrua_92326.jpg": 1779052074.273268,
  "eRadarrua_92327.jpg": 1779053682.589179,
  "eRadarrua_92328.jpg": 1779053682.589179,
  "eRadarrua_92341.jpg": 1779057675.246752,
  "eRadarrua_92347.jpg": 1779057675.246752,
  "eRadarrua_92349.jpg": 1779057675.246752,
  "eRadarrua_92331.jpg": 1779061349.591326,
  "eRadarrua_92332.jpg": 1779061349.591326,
  "eRadarrua_92334.jpg": 1779061349.591326,
  "eRadarrua_92377.jpg": 1779063077.806344,
  "amitsegal_61171.jpg": 1779080106.793983,
  "eRadarrua_92382.jpg": 1779080260.818883,
  "eRadarrua_92383.jpg": 1779080260.818883,
  "kpszsu_62173.jpg": 1779084267.844755,
  "eRadarrua_92431.jpg": 1779091608.700035,
  "amitsegal_61173.jpg": 1779094889.6738,
  "eRadarrua_92445.jpg": 1779095069.238607,
  "eRadarrua_92449.jpg": 1779099920.52291,
  "manniefabian_58290.jpg": 1779108942.426092,
  "amitsegal_61174.jpg": 1779108942.426092,
  "amitsegal_61180.jpg": 1779108942.426092,
  "amitsegal_61182.jpg": 1779108942.426092,
  "amitsegal_61187.jpg": 1779108942.426092,
  "idf_telegram_23718.jpg": 1779108942.426092,
  "VahidOnline_75516.jpg": 1779115125.402171,
  "VahidOnline_75520.jpg": 1779115125.402171,
  "VahidOnline_75521.jpg": 1779115125.402171,
  "VahidOnline_75522.jpg": 1779115125.402171,
  "VahidOnline_75523.jpg": 1779115125.402171,
  "idf_telegram_23721.jpg": 1779115125.402171,
  "idf_telegram_23731.jpg": 1779115125.402171,
  "eRadarrua_92467.jpg": 1779115308.54325,
  "amitsegal_61197.jpg": 1779122608.13244,
  "VahidOnline_75524.jpg": 1779122608.13244,
  "idf_telegram_23732.jpg": 1779122608.13244,
  "eRadarrua_92472.jpg": 1779122773.964854,
  "eRadarrua_92473.jpg": 1779122773.964854,
  "eRadarrua_92475.jpg": 1779122773.964854,
  "eRadarrua_92476.jpg": 1779122773.964854,
  "VahidOnline_75526.jpg": 1779125806.499721,
  "VahidOnline_75527.jpg": 1779125806.499721,
  "amitsegal_61205.jpg": 1779131833.823177,
  "Faytuks_Network_2792.jpg": 1779131833.823177,
  "VahidOnline_75528.jpg": 1779131833.823177,
  "VahidOnline_75529.jpg": 1779131833.823177,
  "VahidOnline_75530.jpg": 1779131833.823177,
  "idf_telegram_23733.jpg": 1779131833.823177,
  "eRadarrua_92479.jpg": 1779132010.91909,
  "VahidOnline_75532.jpg": 1779134100.954515,
  "eRadarrua_92480.jpg": 1779134267.599785,
  "eRadarrua_92483.jpg": 1779134267.599785,
  "eRadarrua_92484.jpg": 1779134267.599785,
  "eRadarrua_92506.jpg": 1779138073.833139,
  "eRadarrua_92516.jpg": 1779138073.833139,
  "eRadarrua_92520.jpg": 1779138073.833139
}