{
  "manniefabian_58262.jpg": 1778993931.191142,
  "manniefabian_58270.jpg": 1778993931.191142,
  "amitsegal_61138.jpg": 1778993931.191142,
  "amitsegal_61140.jpg": 1778993931.191142,
  "amitsegal_61142.jpg": 1778993931.191142,
  "Faytuks_Network_2752.jpg": 1778993931.191142,
  "Faytuks_Network_2757.jpg": 1778993931.191142,
  "Faytuks_Network_2740.jpg": 1778993931.191142,
  "VahidOnline_75498.jpg": 1778993931.191142,
  "VahidOnline_75501.jpg": 1778993931.191142,
  "VahidOnline_75507.jpg": 1778993931.191142,
  "idf_telegram_23682.jpg": 1778993931.191142,
  "eRadarrua_92140.jpg": 1778994085.22227,
  "eRadarrua_92148.jpg": 1778994085.22227,
  "eRadarrua_92150.jpg": 1778994085.22227,
  "eRadarrua_92158.jpg": 1778994085.22227,
  "eRadarrua_92125.jpg": 1778994085.22227,
  "kpszsu_62020.jpg": 1778994085.22227,
  "eRadarrua_92126.jpg": 1778999936.867966,
  "kpszsu_62080.jpg": 1778999936.867966,
  "eRadarrua_92163.jpg": 1779003727.529897,
  "eRadarrua_92164.jpg": 1779003727.529897,
  "eRadarrua_92165.jpg": 1779003727.529897,
  "amitsegal_61144.jpg": 1779005342.11919,
  "Faytuks_Network_2763.jpg": 1779005342.11919,
  "eRadarrua_92168.jpg": 1779005494.408492,
  "eRadarrua_92171.jpg": 1779006374.702882,
  "amitsegal_61150.jpg": 1779011779.174291,
  "eRadarrua_92180.jpg": 1779011875.053517,
  "eRadarrua_92181.jpg": 1779011875.053517,
  "eRadarrua_92186.jpg": 1779011875.053517,
  "eRadarrua_92191.jpg": 1779011875.053517,
  "eRadarrua_92197.jpg": 1779011875.053517,
  "eRadarrua_92198.jpg": 1779015502.368362,
  "eRadarrua_92201.jpg": 1779015502.368362,
  "eRadarrua_92202.jpg": 1779015502.368362,
  "eRadarrua_92205.jpg": 1779015502.368362,
  "amitsegal_61153.jpg": 1779016652.717953,
  "eRadarrua_92214.jpg": 1779016811.347577,
  "eRadarrua_92216.jpg": 1779016811.347577,
  "eRadarrua_92217.jpg": 1779016811.347577,
  "amitsegal_61154.jpg": 1779020213.160672,
  "eRadarrua_92226.jpg": 1779025827.408406,
  "eRadarrua_92227.jpg": 1779025827.408406,
  "VahidOnline_75509.jpg": 1779026996.254778,
  "VahidOnline_75510.jpg": 1779026996.254778,
  "VahidOnline_75511.jpg": 1779026996.254778,
  "VahidOnline_75512.jpg": 1779026996.254778,
  "eRadarrua_92244.jpg": 1779030560.347642,
  "eRadarrua_92245.jpg": 1779030560.347642,
  "amitsegal_61159.jpg": 1779032641.264146,
  "eRadarrua_92246.jpg": 1779032797.678557,
  "eRadarrua_92248.jpg": 1779032797.678557,
  "amitsegal_61163.jpg": 1779037713.932112,
  "Faytuks_Network_2771.jpg": 1779037713.932112,
  "eRadarrua_92252.jpg": 1779037889.056815
}