{
  "VahidOnline_75604.jpg": 1779461904.274214,
  "VahidOnline_75605.jpg": 1779461904.274214,
  "VahidOnline_75606.jpg": 1779461904.274214,
  "VahidOnline_75607.jpg": 1779461904.274214,
  "VahidOnline_75611.jpg": 1779461904.274214,
  "eRadarrua_92960.jpg": 1779462105.312055,
  "eRadarrua_92964.jpg": 1779462105.312055,
  "eRadarrua_92965.jpg": 1779462105.312055,
  "eRadarrua_92966.jpg": 1779462105.312055,
  "eRadarrua_92971.jpg": 1779468488.735287,
  "Faytuks_Network_2890.jpg": 1779477465.468664,
  "Faytuks_Network_2893.jpg": 1779477465.468664,
  "Faytuks_Network_2896.jpg": 1779477465.468664,
  "VahidOnline_75614.jpg": 1779477465.468664,
  "VahidOnline_75619.jpg": 1779477465.468664,
  "VahidOnline_75620.jpg": 1779477465.468664,
  "eRadarrua_92973.jpg": 1779477624.957123,
  "eRadarrua_92975.jpg": 1779477624.957123,
  "eRadarrua_92977.jpg": 1779477624.957123,
  "eRadarrua_92980.jpg": 1779477624.957123,
  "eRadarrua_92982.jpg": 1779477624.957123,
  "eRadarrua_92990.jpg": 1779480270.903097,
  "eRadarrua_92993.jpg": 1779480270.903097,
  "eRadarrua_92994.jpg": 1779480270.903097,
  "eRadarrua_92995.jpg": 1779480270.903097,
  "eRadarrua_93004.jpg": 1779483679.114879,
  "eRadarrua_93005.jpg": 1779483679.114879,
  "eRadarrua_93008.jpg": 1779485093.501092,
  "eRadarrua_93010.jpg": 1779485093.501092,
  "Faytuks_Network_2900.jpg": 1779489552.616393,
  "eRadarrua_93011.jpg": 1779491646.664523,
  "VahidOnline_75621.jpg": 1779499655.725812,
  "eRadarrua_93012.jpg": 1779499789.299445,
  "VahidOnline_75624.jpg": 1779518513.986716,
  "idf_telegram_23799.jpg": 1779518513.986716,
  "eRadarrua_93090.jpg": 1779518684.916185,
  "eRadarrua_93098.jpg": 1779518684.916185,
  "eRadarrua_93103.jpg": 1779518684.916185,
  "kpszsu_62474.jpg": 1779518684.916185,
  "eRadarrua_93109.jpg": 1779523302.728981,
  "eRadarrua_93110.jpg": 1779523302.728981,
  "eRadarrua_93114.jpg": 1779523302.728981,
  "eRadarrua_93115.jpg": 1779527623.584916,
  "eRadarrua_93117.jpg": 1779531526.694587,
  "eRadarrua_93118.jpg": 1779536940.100535,
  "Faytuks_Network_2918.jpg": 1779544395.514147,
  "eRadarrua_93120.jpg": 1779544583.488485,
  "VahidOnline_75629.jpg": 1779545629.742065,
  "VahidOnline_75630.jpg": 1779545629.742065,
  "VahidOnline_75631.jpg": 1779545629.742065,
  "VahidOnline_75632.jpg": 1779545629.742065,
  "VahidOnline_75633.jpg": 1779545629.742065,
  "eRadarrua_93126.jpg": 1779545837.090199
}