{
  "amitsegal_61294.jpg": 1779309562.523204,
  "VahidOnline_75568.jpg": 1779309562.523204,
  "VahidOnline_75569.jpg": 1779309562.523204,
  "VahidOnline_75570.jpg": 1779309562.523204,
  "VahidOnline_75571.jpg": 1779309562.523204,
  "eRadarrua_92778.jpg": 1779309744.812895,
  "eRadarrua_92779.jpg": 1779309744.812895,
  "eRadarrua_92781.jpg": 1779309744.812895,
  "eRadarrua_92782.jpg": 1779309744.812895,
  "eRadarrua_92784.jpg": 1779311487.146034,
  "eRadarrua_92800.jpg": 1779318102.317752,
  "eRadarrua_92801.jpg": 1779318102.317752,
  "eRadarrua_92802.jpg": 1779318102.317752,
  "eRadarrua_92803.jpg": 1779318102.317752,
  "VahidOnline_75572.jpg": 1779327376.933246,
  "VahidOnline_75574.jpg": 1779327376.933246,
  "VahidOnline_75579.jpg": 1779345564.910264,
  "eRadarrua_92819.jpg": 1779345722.377977,
  "kpszsu_62362.jpg": 1779345722.377977,
  "idf_telegram_23762.jpg": 1779352926.184097,
  "idf_telegram_23765.jpg": 1779360963.23186,
  "eRadarrua_92839.jpg": 1779361111.935062,
  "idf_telegram_23767.jpg": 1779366263.701775,
  "VahidOnline_75580.jpg": 1779373591.183947,
  "idf_telegram_23769.jpg": 1779373591.183947,
  "VahidOnline_75582.jpg": 1779380573.671864,
  "VahidOnline_75584.jpg": 1779380573.671864,
  "VahidOnline_75586.jpg": 1779380573.671864,
  "VahidOnline_75587.jpg": 1779380573.671864,
  "idf_telegram_23775.jpg": 1779380573.671864,
  "eRadarrua_92860.jpg": 1779380793.336738,
  "eRadarrua_92861.jpg": 1779380793.336738,
  "eRadarrua_92862.jpg": 1779380793.336738,
  "eRadarrua_92864.jpg": 1779380793.336738,
  "eRadarrua_92869.jpg": 1779380793.336738,
  "VahidOnline_75589.jpg": 1779383935.063115,
  "idf_telegram_23776.jpg": 1779383935.063115,
  "eRadarrua_92879.jpg": 1779390568.132577,
  "eRadarrua_92885.jpg": 1779390568.132577,
  "eRadarrua_92888.jpg": 1779390568.132577
}