{
  "manniefabian_58262.jpg": 1778993931.191142,
  "manniefabian_58270.jpg": 1778993931.191142,
  "amitsegal_61138.jpg": 1778993931.191142,
  "amitsegal_61140.jpg": 1778993931.191142,
  "amitsegal_61142.jpg": 1778993931.191142,
  "Faytuks_Network_2752.jpg": 1778993931.191142,
  "Faytuks_Network_2757.jpg": 1778993931.191142,
  "Faytuks_Network_2740.jpg": 1778993931.191142,
  "VahidOnline_75498.jpg": 1778993931.191142,
  "VahidOnline_75501.jpg": 1778993931.191142,
  "VahidOnline_75507.jpg": 1778993931.191142,
  "idf_telegram_23682.jpg": 1778993931.191142,
  "eRadarrua_92140.jpg": 1778994085.22227,
  "eRadarrua_92148.jpg": 1778994085.22227,
  "eRadarrua_92150.jpg": 1778994085.22227,
  "eRadarrua_92158.jpg": 1778994085.22227,
  "eRadarrua_92125.jpg": 1778994085.22227,
  "kpszsu_62020.jpg": 1778994085.22227,
  "eRadarrua_92126.jpg": 1778999936.867966,
  "kpszsu_62080.jpg": 1778999936.867966,
  "eRadarrua_92163.jpg": 1779003727.529897,
  "eRadarrua_92164.jpg": 1779003727.529897,
  "eRadarrua_92165.jpg": 1779003727.529897,
  "amitsegal_61144.jpg": 1779005342.11919,
  "Faytuks_Network_2763.jpg": 1779005342.11919,
  "eRadarrua_92168.jpg": 1779005494.408492,
  "eRadarrua_92171.jpg": 1779006374.702882
}