{
  "eRadarrua_92244.jpg": 1779030560.347642,
  "eRadarrua_92245.jpg": 1779030560.347642,
  "amitsegal_61159.jpg": 1779032641.264146,
  "eRadarrua_92246.jpg": 1779032797.678557,
  "eRadarrua_92248.jpg": 1779032797.678557,
  "amitsegal_61163.jpg": 1779037713.932112,
  "Faytuks_Network_2771.jpg": 1779037713.932112,
  "eRadarrua_92252.jpg": 1779037889.056815,
  "eRadarrua_92261.jpg": 1779039624.094824,
  "eRadarrua_92262.jpg": 1779039624.094824,
  "eRadarrua_92264.jpg": 1779039624.094824,
  "eRadarrua_92265.jpg": 1779039624.094824,
  "eRadarrua_92270.jpg": 1779039624.094824,
  "manniefabian_58279.jpg": 1779045679.047908,
  "amitsegal_61166.jpg": 1779045679.047908,
  "eRadarrua_92295.jpg": 1779045851.272621,
  "eRadarrua_92300.jpg": 1779045851.272621,
  "eRadarrua_92303.jpg": 1779045851.272621,
  "eRadarrua_92281.jpg": 1779045851.272621,
  "amitsegal_61170.jpg": 1779047320.82127,
  "eRadarrua_92313.jpg": 1779047496.18505,
  "eRadarrua_92315.jpg": 1779047496.18505,
  "eRadarrua_92316.jpg": 1779047496.18505,
  "VahidOnline_75513.jpg": 1779051875.122511,
  "eRadarrua_92323.jpg": 1779052074.273268,
  "eRadarrua_92326.jpg": 1779052074.273268,
  "eRadarrua_92327.jpg": 1779053682.589179,
  "eRadarrua_92328.jpg": 1779053682.589179,
  "eRadarrua_92341.jpg": 1779057675.246752,
  "eRadarrua_92347.jpg": 1779057675.246752,
  "eRadarrua_92349.jpg": 1779057675.246752,
  "eRadarrua_92331.jpg": 1779061349.591326,
  "eRadarrua_92332.jpg": 1779061349.591326,
  "eRadarrua_92334.jpg": 1779061349.591326,
  "eRadarrua_92377.jpg": 1779063077.806344,
  "amitsegal_61171.jpg": 1779080106.793983,
  "eRadarrua_92382.jpg": 1779080260.818883,
  "eRadarrua_92383.jpg": 1779080260.818883,
  "kpszsu_62173.jpg": 1779084267.844755,
  "eRadarrua_92431.jpg": 1779091608.700035,
  "amitsegal_61173.jpg": 1779094889.6738,
  "eRadarrua_92445.jpg": 1779095069.238607,
  "eRadarrua_92449.jpg": 1779099920.52291,
  "manniefabian_58290.jpg": 1779108942.426092,
  "amitsegal_61174.jpg": 1779108942.426092,
  "amitsegal_61180.jpg": 1779108942.426092,
  "amitsegal_61182.jpg": 1779108942.426092,
  "amitsegal_61187.jpg": 1779108942.426092,
  "idf_telegram_23718.jpg": 1779108942.426092,
  "VahidOnline_75516.jpg": 1779115125.402171,
  "VahidOnline_75520.jpg": 1779115125.402171,
  "VahidOnline_75521.jpg": 1779115125.402171,
  "VahidOnline_75522.jpg": 1779115125.402171,
  "VahidOnline_75523.jpg": 1779115125.402171,
  "idf_telegram_23721.jpg": 1779115125.402171,
  "idf_telegram_23731.jpg": 1779115125.402171,
  "eRadarrua_92467.jpg": 1779115308.54325
}