{
  "Faytuks_Network_2826.jpg": 1779217759.84493,
  "VahidOnline_75548.jpg": 1779217759.84493,
  "VahidOnline_75549.jpg": 1779217759.84493,
  "VahidOnline_75550.jpg": 1779217759.84493,
  "eRadarrua_92644.jpg": 1779217928.787541,
  "eRadarrua_92645.jpg": 1779217928.787541,
  "eRadarrua_92647.jpg": 1779217928.787541,
  "eRadarrua_92650.jpg": 1779217928.787541,
  "amitsegal_61232.jpg": 1779219119.803092,
  "VahidOnline_75552.jpg": 1779224970.584076,
  "eRadarrua_92652.jpg": 1779225114.56649,
  "eRadarrua_92653.jpg": 1779225114.56649,
  "eRadarrua_92654.jpg": 1779225114.56649,
  "eRadarrua_92657.jpg": 1779225114.56649,
  "eRadarrua_92661.jpg": 1779225114.56649,
  "eRadarrua_92662.jpg": 1779226246.40333,
  "eRadarrua_92674.jpg": 1779231081.559044,
  "eRadarrua_92678.jpg": 1779231081.559044,
  "eRadarrua_92679.jpg": 1779231081.559044,
  "eRadarrua_92686.jpg": 1779231081.559044,
  "eRadarrua_92687.jpg": 1779231081.559044,
  "Faytuks_Network_2834.jpg": 1779250301.205674,
  "Faytuks_Network_2835.jpg": 1779250301.205674,
  "amitsegal_61235.jpg": 1779258998.414046,
  "eRadarrua_92688.jpg": 1779259197.661789,
  "kpszsu_62285.jpg": 1779259197.661789,
  "Faytuks_Network_2838.jpg": 1779266082.314067,
  "idf_telegram_23748.jpg": 1779266082.314067,
  "eRadarrua_92703.jpg": 1779266258.86379,
  "amitsegal_61257.jpg": 1779273558.303515,
  "idf_telegram_23749.jpg": 1779273558.303515,
  "eRadarrua_92717.jpg": 1779273757.075735,
  "eRadarrua_92723.jpg": 1779273757.075735,
  "eRadarrua_92724.jpg": 1779273757.075735,
  "eRadarrua_92727.jpg": 1779273757.075735,
  "idf_telegram_23754.jpg": 1779278363.622023,
  "eRadarrua_92730.jpg": 1779278626.767812,
  "amitsegal_61264.jpg": 1779286250.835048,
  "amitsegal_61265.jpg": 1779286250.835048,
  "amitsegal_61273.jpg": 1779286250.835048,
  "amitsegal_61277.jpg": 1779286250.835048,
  "Faytuks_Network_2845.jpg": 1779286250.835048,
  "VahidOnline_75556.jpg": 1779286250.835048,
  "VahidOnline_75562.jpg": 1779286250.835048,
  "VahidOnline_75564.jpg": 1779286250.835048,
  "VahidOnline_75565.jpg": 1779286250.835048,
  "idf_telegram_23757.jpg": 1779286250.835048,
  "amitsegal_61278.jpg": 1779292023.306583,
  "Faytuks_Network_2850.jpg": 1779292023.306583,
  "VahidOnline_75563.jpg": 1779292023.306583,
  "eRadarrua_92760.jpg": 1779292136.528439,
  "kpszsu_62328.jpg": 1779292136.528439,
  "amitsegal_61286.jpg": 1779299121.047559,
  "VahidOnline_75567.jpg": 1779299121.047559,
  "idf_telegram_23758.jpg": 1779299121.047559,
  "eRadarrua_92761.jpg": 1779299222.661815,
  "eRadarrua_92762.jpg": 1779299222.661815,
  "eRadarrua_92765.jpg": 1779299222.661815,
  "eRadarrua_92776.jpg": 1779299222.661815
}