{
  "VahidOnline_75624.jpg": 1779518513.986716,
  "idf_telegram_23799.jpg": 1779518513.986716,
  "eRadarrua_93090.jpg": 1779518684.916185,
  "eRadarrua_93098.jpg": 1779518684.916185,
  "eRadarrua_93103.jpg": 1779518684.916185,
  "kpszsu_62474.jpg": 1779518684.916185,
  "eRadarrua_93109.jpg": 1779523302.728981,
  "eRadarrua_93110.jpg": 1779523302.728981,
  "eRadarrua_93114.jpg": 1779523302.728981,
  "eRadarrua_93115.jpg": 1779527623.584916,
  "eRadarrua_93117.jpg": 1779531526.694587,
  "eRadarrua_93118.jpg": 1779536940.100535,
  "Faytuks_Network_2918.jpg": 1779544395.514147,
  "eRadarrua_93120.jpg": 1779544583.488485,
  "VahidOnline_75629.jpg": 1779545629.742065,
  "VahidOnline_75630.jpg": 1779545629.742065,
  "VahidOnline_75631.jpg": 1779545629.742065,
  "VahidOnline_75632.jpg": 1779545629.742065,
  "VahidOnline_75633.jpg": 1779545629.742065,
  "eRadarrua_93126.jpg": 1779545837.090199,
  "VahidOnline_75634.jpg": 1779549025.476155,
  "VahidOnline_75635.jpg": 1779549025.476155,
  "eRadarrua_93130.jpg": 1779549231.897649,
  "Faytuks_Network_2933.jpg": 1779551314.758498,
  "VahidOnline_75645.jpg": 1779551314.758498,
  "VahidOnline_75646.jpg": 1779551314.758498,
  "VahidOnline_75648.jpg": 1779551314.758498,
  "VahidOnline_75649.jpg": 1779551314.758498,
  "eRadarrua_93134.jpg": 1779551519.515313,
  "eRadarrua_93137.jpg": 1779551519.515313,
  "Faytuks_Network_2935.jpg": 1779556355.626268,
  "amitsegal_61306.jpg": 1779557925.917974,
  "eRadarrua_93156.jpg": 1779558105.359196,
  "amitsegal_61309.jpg": 1779564207.217828,
  "Faytuks_Network_2943.jpg": 1779564207.217828,
  "eRadarrua_93181.jpg": 1779564351.201694,
  "eRadarrua_93184.jpg": 1779564351.201694,
  "eRadarrua_93179.jpg": 1779564351.201694,
  "eRadarrua_93204.jpg": 1779565925.297725,
  "amitsegal_61311.jpg": 1779570219.820589,
  "Faytuks_Network_2945.jpg": 1779570219.820589,
  "eRadarrua_93217.jpg": 1779570459.481613,
  "eRadarrua_93225.jpg": 1779570459.481613,
  "eRadarrua_93226.jpg": 1779570459.481613,
  "eRadarrua_93227.jpg": 1779570459.481613,
  "eRadarrua_93229.jpg": 1779570459.481613,
  "Faytuks_Network_2958.jpg": 1779575530.218568,
  "Faytuks_Network_2962.jpg": 1779575530.218568,
  "Faytuks_Network_2966.jpg": 1779577274.986038,
  "eRadarrua_93278.jpg": 1779577453.826401,
  "eRadarrua_93280.jpg": 1779577453.826401,
  "amitsegal_61314.jpg": 1779579540.727406,
  "eRadarrua_93305.jpg": 1779579699.233555,
  "eRadarrua_93320.jpg": 1779579699.233555,
  "Faytuks_Network_2972.jpg": 1779589794.843922,
  "VahidOnline_75650.jpg": 1779589794.843922,
  "VahidOnline_75652.jpg": 1779589794.843922,
  "VahidOnline_75653.jpg": 1779589794.843922,
  "VahidOnline_75654.jpg": 1779589794.843922
}